sf_wh_rp_1,sf_wh_rp_2
-0.284465788851238,0.079233067454665
-0.252834008097166,0.120334195791886
-0.243037528341918,0.13600260699082
-0.240688259109312,0.139681709002526
0.184791577462204,0.253649901625545
0.162476547842402,0.315293129066374
